{
  "nav": {
    "home": "Home",
    "about": "About Us",
    "contact": "Contact",
    "post_ad": "Post Ad"
  },
  "hero": {
    "title_1": "Find your dream home with",
    "title_2": "",
    "subtitle": "The best real estate options in the most prestigious districts of Tashkent",
    "filter": {
      "rooms": "Rooms",
      "all_rooms": "All",
      "rooms_suffix": "rooms",
      "rooms_5plus": "5+ rooms",
      "location": "Location",
      "all_locations": "All districts",
      "price": "Price ($)",
      "search": "Search"
    }
  },
  "home": {
    "no_results": "Unfortunately, no properties found for your request.",
    "clear_filter": "Clear filter",
    "view_all": "View all",
    "view": "Viewing",
    "rooms_title": "room apartments",
    "rooms_5plus_title": "5+ room apartments"
  },
  "card": {
    "details": "View Details",
    "rooms": "rooms"
  },
  "contact": {
    "title": "Contact Us",
    "desc": "We will help you find the right home. Leave your details and we will contact you within 15 minutes.",
    "call": "Call us",
    "form": {
      "name": "Your name",
      "phone": "Phone number",
      "message": "Message",
      "message_placeholder": "I am interested in...",
      "submit": "Send",
      "sending": "Sending...",
      "error": "Unfortunately, an error occurred. Please call us.",
      "success_title": "Sent!",
      "success_desc": "We will contact you soon.",
      "send_msg": "Send message",
      "close_form": "Close form"
    }
  },
  "footer": {
    "desc": "We help you find your dream home. Reliable and fast service is our main goal.",
    "pages": "Pages",
    "socials": "Socials",
    "rights": "All rights reserved."
  },
  "details": {
    "balcony": "Balcony",
    "torets": "Corner apartment",
    "back": "Home",
    "features": "Features",
    "rooms": "Rooms",
    "area": "Total Area",
    "floor": "Floor",
    "renovation": "Renovation",
    "buildingType": "Building Type",
    "location": "Location",
    "description": "Description",
    "date": "Date posted",
    "verified": "Verified",
    "map": "Location on Map",
    "open_map": "Open in Google Maps",
    "start_price": "start",
    "call": "Call",
    "save": "Save",
    "saved": "Saved",
    "share": "Share",
    "realtor": "Realtor",
    "agent": "Maskan Lux Agent",
    "not_found": "Property not found",
    "back_home": "Back to Home",
    "check": "Verified",
    "check_dsc": "All information has been confirmed",
    "privat": "Secure",
    "privat_dsc": "Legal guarantee",
    "fast_msg": "Fast response",
    "fast_msg_dsc": "24/7 support"
  },
  "about_page": {
    "title": "About Us",
    "subtitle": "Your trusted partner",
    "story_title": "Maskan Lux History",
    "story_desc": "Maskan Lux is one of the leading real estate companies in Tashkent. For over 10 years, we have been helping our clients find their dream homes. Our mission is to make the process of buying and selling homes as easy, transparent, and secure as possible.",
    "stats": {
      "years": "Years Experience",
      "clients": "Happy Clients",
      "objects": "Properties Sold",
      "agents": "Professional Agents"
    },
    "values": {
      "title": "Why Choose Us?",
      "v1_title": "Reliability",
      "v1_desc": "Every property undergoes a full legal check and is guaranteed.",
      "v2_title": "Speed",
      "v2_desc": "We will find the best options for you and process the transaction in the shortest time possible.",
      "v3_title": "Professionalism",
      "v3_desc": "Our experienced realtors are always at your service and ready to provide free consultation.",
      "protect": "Legal Protection",
      "sertfc": "Quality Guarantee"
    }
  },
  "contact_page": {
    "title": "Contact",
    "subtitle": "Have questions? Email or call us.",
    "info_title": "Contact Information",
    "address_label": "Address",
    "address_value": "Tashkent, Yunusabad District, 6th Block, 45",
    "phone_label": "Phone",
    "email_label": "Email",
    "working_hours_label": "Working Hours",
    "working_hours_value": "Monday - Saturday: 09:00 - 18:00"
  }
}