{
  "nav": {
    "home": "Главная",
    "about": "О нас",
    "contact": "Контакты",
    "post_ad": "Разместить"
  },
  "hero": {
    "title_1": "Найдите дом мечты с",
    "title_2": "",
    "subtitle": "Лучшие варианты недвижимости в самых престижных районах Ташкента",
    "filter": {
      "rooms": "Комнаты",
      "all_rooms": "Все",
      "rooms_suffix": "комн.",
      "rooms_5plus": "5+ комн.",
      "location": "Расположение",
      "all_locations": "Все районы",
      "price": "Цена (y.e.)",
      "search": "Поиск"
    }
  },
  "home": {
    "no_results": "К сожалению, по вашему запросу ничего не найдено.",
    "clear_filter": "Сбросить фильтр",
    "view_all": "Смотреть все",
    "view": "Просмотр",
    "rooms_title": "комнатные квартиры",
    "rooms_5plus_title": "5+ комнатные"
  },
  "card": {
    "details": "Подробнее",
    "rooms": "комн."
  },
  "contact": {
    "title": "Свяжитесь с нами",
    "desc": "Мы поможем вам найти подходящий дом. Оставьте свои данные, и мы свяжемся с вами в течение 15 минут.",
    "call": "Позвоните нам",
    "form": {
      "name": "Ваше имя",
      "phone": "Номер телефона",
      "message": "Сообщение",
      "message_placeholder": "Меня интересует...",
      "submit": "Отправить",
      "sending": "Отправляется...",
      "error": "К сожалению, произошла ошибка. Пожалуйста, позвоните нам.",
      "success_title": "Отправлено!",
      "success_desc": "Мы скоро свяжемся с вами.",
      "send_msg": "Отправить сообщение",
      "close_form": "Закрыть форму"
    }
  },
  "footer": {
    "desc": "Мы поможем вам найти дом вашей мечты. Надежный и быстрый сервис - наша главная цель.",
    "pages": "Страницы",
    "socials": "Соцсети",
    "rights": "Все права защищены."
  },
  "details": {
    "balcony": "Балкон",
    "torets": "Торцевая квартира",
    "back": "Главная",
    "features": "Характеристики",
    "rooms": "Комнаты",
    "area": "Площадь",
    "floor": "Этаж",
    "renovation": "Ремонт",
    "buildingType": "Тип здания",
    "location": "Расположение",
    "description": "Описание",
    "date": "Дата объявления",
    "verified": "Проверено",
    "map": "Расположение на карте",
    "open_map": "Открыть в Google Maps",
    "start_price": "старт",
    "call": "Позвонить",
    "save": "Сохранить",
    "saved": "Сохранено",
    "share": "Поделиться",
    "realtor": "Риелтор",
    "agent": "Агент Maskan Lux",
    "not_found": "Объект не найден",
    "back_home": "Вернуться на главную",
    "check": "Проверено",
    "check_dsc": "Все данные подтверждены",
    "privat": "Безопасно",
    "privat_dsc": "Юридическая гарантия",
    "fast_msg": "Быстрый ответ",
    "fast_msg_dsc": "Поддержка 24/7"
  },
  "about_page": {
    "title": "О нас",
    "subtitle": "Ваш надежный партнер",
    "story_title": "История Maskan Lux",
    "story_desc": "Maskan Lux - одна из ведущих компаний на рынке недвижимости Ташкента. Уже более 10 лет мы помогаем нашим клиентам находить дома их мечты. Наша миссия — сделать процесс покупки и продажи жилья максимально простым, прозрачным и безопасным.",
    "stats": {
      "years": "Лет опыта",
      "clients": "Довольных клиентов",
      "objects": "Проданных объектов",
      "agents": "Профессиональных агентов"
    },
    "values": {
      "title": "Почему выбирают нас?",
      "v1_title": "Надежность",
      "v1_desc": "Каждый объект проходит полную юридическую проверку.",
      "v2_title": "Скорость",
      "v2_desc": "Мы подберем для вас лучшие варианты и оформим сделку в кратчайшие сроки.",
      "v3_title": "Профессионализм",
      "v3_desc": "Наши опытные риелторы всегда к вашим услугам и готовы предоставить бесплатную консультацию.",
      "protect": "Юридическая защита",
      "sertfc": "Гарантия качества"
    }
  },
  "contact_page": {
    "title": "Контакты",
    "subtitle": "Есть вопросы? Напишите или позвоните нам.",
    "info_title": "Контактная информация",
    "address_label": "Адрес",
    "address_value": "Ташкент, Юнусабадский район, 6-й квартал, 45",
    "phone_label": "Телефон",
    "email_label": "Email",
    "working_hours_label": "Режим работы",
    "working_hours_value": "Понедельник - Суббота: 09:00 - 18:00"
  }
}