{
  "nav": {
    "home": "Бош саҳифа",
    "about": "Биз ҳақимизда",
    "contact": "Алоқа",
    "post_ad": "Эълон бериш"
  },
  "hero": {
    "title_1": "Орзуингиздаги уйни",
    "title_2": "билан топинг",
    "subtitle": "Тошкентнинг энг нуфузли туманларидан энг яхши кўчмас мулк вариантлари",
    "filter": {
      "rooms": "Хона сони",
      "all_rooms": "Барчаси",
      "rooms_suffix": "хона",
      "rooms_5plus": "5+ хона",
      "location": "Жойлашув",
      "all_locations": "Барча туманлар",
      "price": "Нарх (y.e.)",
      "search": "Қидириш"
    }
  },
  "home": {
    "no_results": "Афсуски, сўровингиз бўйича уйлар топилмади.",
    "clear_filter": "Филтерни тозалаш",
    "view_all": "Барчасини кўриш",
    "view": "Кўриш",
    "rooms_title": "хонали уйлар",
    "rooms_5plus_title": "5+ хонали уйлар"
  },
  "card": {
    "details": "Батафсил кўриш",
    "rooms": "хона"
  },
  "contact": {
    "title": "Биз билан боғланинг",
    "desc": "Сизга мос уйни топишда ёрдам берамиз. Маълумотларингизни қолдиринг ва биз сиз билан 15 дақиқа ичида боғланамиз.",
    "call": "Қўнғироқ қилинг",
    "form": {
      "name": "Исмингиз",
      "phone": "Телефон рақам",
      "message": "Хабар",
      "message_placeholder": "Мен ушбу уй бўйича...",
      "submit": "Юбориш",
      "sending": "Юборилмоқда...",
      "error": "Афсус, хатолик юз берди. Илтимос, бизга қўнғироқ қилинг.",
      "success_title": "Юборилди!",
      "success_desc": "Тез орада сиз билан боғланамиз.",
      "send_msg": "Хабар юбориш",
      "close_form": "Формани ёпиш"
    }
  },
  "footer": {
    "desc": "Биз сизга орзуингиздаги уйни топишда ёрдам берамиз. Ишончли ва тезкор хизмат кўрсатиш - бизнинг олий мақсадимиз.",
    "pages": "Саҳифалар",
    "socials": "Ижтимоий тармоқлар",
    "rights": "Барча ҳуқуқлар ҳимояланган."
  },
  "details": {
    "balcony": "Балкон",
    "torets": "Чекка квартира",
    "back": "Бош саҳифа",
    "features": "Хусусиятлар",
    "rooms": "Хоналар",
    "area": "Умумий майдон",
    "floor": "Қават",
    "renovation": "Ремонт",
    "buildingType": "Бино тури",
    "location": "Жойлашув",
    "description": "Тавсиф",
    "date": "Эълон санаси",
    "verified": "Текширилган",
    "map": "Харитада жойлашуви",
    "open_map": "Google Харитада Очиш",
    "start_price": "старт",
    "call": "Қўнғироқ",
    "save": "Сақлаш",
    "saved": "Сақланган",
    "share": "Улашиш",
    "realtor": "Риелтор",
    "agent": "Maskan Lux Агенти",
    "not_found": "Объект топилмади",
    "back_home": "Бош саҳифага қайтиш",
    "check": "Текширилган",
    "check_dsc": "Барча маълумотлар тасдиқланган",
    "privat": "Хавфсиз",
    "privat_dsc": "Юридик кафолат",
    "fast_msg": "Тез жавоб",
    "fast_msg_dsc": "24/7 қўллаб-қувватлаш"
  },
  "about_page": {
    "title": "Биз ҳақимизда",
    "subtitle": "Сизнинг ишончли ҳамкорингиз",
    "story_title": "Maskan Lux тарихи",
    "story_desc": "Maskan Lux - бу Тошкент шаҳридаги кўчмас мулк бозорида етакчи компаниялардан бири. Биз 10 йилдан ортиқ вақт давомида мижозларимизга орзуидаги уйни топишда ёрдам бериб келмоқдамиз. Бизнинг вазифамиз — уй сотиб олиш ва сотиш жараёнини максимал даражада осон, шаффоф ва хавфсиз қилишдир.",
    "stats": {
      "years": "Йиллик тажриба",
      "clients": "Мамнун мижозлар",
      "objects": "Сотилган мулклар",
      "agents": "Профессионал агентлар"
    },
    "values": {
      "title": "Нега айнан биз?",
      "v1_title": "Ишончлилик",
      "v1_desc": "Ҳар бир объект юридик томондан тўлиқ текширилган ва кафолатланган.",
      "v2_title": "Тезкорлик",
      "v2_desc": "Сиз учун энг мос вариантларни қисқа вақт ичида топамиз ва расмийлаштирамиз.",
      "v3_title": "Профессионализм",
      "v3_desc": "Тажрибали риелторларимиз ҳар доим хизматингизда ва бепул маслаҳат беришга тайёр.",
      "protect": "Юридик ҳимоя",
      "sertfc": "Сифат кафолати"
    }
  },
  "contact_page": {
    "title": "Алоқа",
    "subtitle": "Саволларингиз борми? Бизга ёзинг ёки қўнғироқ қилинг.",
    "info_title": "Боғланиш маълумотлари",
    "address_label": "Манзил",
    "address_value": "Тошкент, Юнусобод туман, 6‑квартал, 45",
    "phone_label": "Телефон",
    "email_label": "Email",
    "working_hours_label": "Иш вақти",
    "working_hours_value": "Душанба - Шанба: 09:00 - 18:00"
  }
}