{
  "nav": {
    "home": "Bosh sahifa",
    "about": "Biz haqimizda",
    "contact": "Aloqa",
    "post_ad": "E'lon berish"
  },
  "hero": {
    "title_1": "Orzuingizdagi uyni",
    "title_2": "bilan toping",
    "subtitle": "Toshkentning eng nufuzli tumanlaridan eng yaxshi ko'chmas mulk variantlari",
    "filter": {
      "rooms": "Xona soni",
      "all_rooms": "Barchasi",
      "rooms_suffix": "xona",
      "rooms_5plus": "5+ xona",
      "location": "Joylashuv",
      "all_locations": "Barcha tumanlar",
      "price": "Narx (y.e.)",
      "search": "Qidirish"
    }
  },
  "home": {
    "no_results": "Afsuski, so'rovingiz bo'yicha uylar topilmadi.",
    "clear_filter": "Filterni tozalash",
    "view_all": "Barchasini ko'rish",
    "view": "Ko‘rish",
    "rooms_title": "xonali uylar",
    "rooms_5plus_title": "5+ xonali uylar"
  },
  "card": {
    "details": "Batafsil ko'rish",
    "rooms": "xona"
  },
  "contact": {
    "title": "Biz bilan bog'laning",
    "desc": "Sizga mos uyni topishda yordam beramiz. Ma'lumotlaringizni qoldiring va biz siz bilan 15 daqiqa ichida bog'lanamiz.",
    "call": "Qo'ng'iroq qiling",
    "form": {
      "name": "Ismingiz",
      "phone": "Telefon raqam",
      "message": "Xabar",
      "message_placeholder": "Men ushbu uy bo'yicha...",
      "submit": "Yuborish",
      "sending": "Yuborilmoqda...",
      "success_title": "Yuborildi!",
      "error": "Afsus, xatolik yuz berdi. Iltimos, bizga qo‘ng‘iroq qiling.",
      "success_desc": "Tez orada siz bilan bog'lanamiz.",
      "send_msg": "Xabar yuborish",
      "close_form": "Formani yopish"
    }
  },
  "footer": {
    "desc": "Biz sizga orzuyingizdagi uyni topishda yordam beramiz. Ishonchli va tezkor xizmat ko'rsatish - bizning oliy maqsadimiz.",
    "pages": "Sahifalar",
    "socials": "Ijtimoiy tarmoqlar",
    "rights": "Barcha huquqlar himoyalangan."
  },
  "details": {
    "balcony": "Balkon",
    "torets": "Chekka kvartira",
    "back": "Bosh sahifa",
    "features": "Xususiyatlar",
    "rooms": "Xonalar",
    "area": "Umumiy maydon",
    "floor": "Qavat",
    "renovation": "Remont",
    "buildingType": "Bino turi",
    "location": "Joylashuv",
    "description": "Tavsif",
    "date": "E'lon sanasi",
    "verified": "Tekshirilgan",
    "map": "Xaritada joylashuvi",
    "open_map": "Google Xaritada Ochish",
    "start_price": "start",
    "call": "Qo'ng'iroq",
    "save": "Saqlash",
    "saved": "Saqlangan",
    "share": "Ulashish",
    "realtor": "Rieltor",
    "agent": "Maskan Lux Agenti",
    "not_found": "Obyekt topilmadi",
    "back_home": "Bosh sahifaga qaytish",
    "check": "Tekshirilgan",
    "check_dsc": "Barcha ma'lumotlar tasdiqlangan",
    "privat": "Xavfsiz",
    "privat_dsc": "Yuridik kafolat",
    "fast_msg": "Tez javob",
    "fast_msg_dsc": "24/7 qo‘llab-quvvatlash"
  },
  "about_page": {
    "title": "Biz haqimizda",
    "subtitle": "Sizning ishonchli hamkoringiz",
    "story_title": "Maskan Lux tarixi",
    "story_desc": "Maskan Lux - bu Toshkent shahridagi ko'chmas mulk bozorida yetakchi kompaniyalardan biri. Biz 20 yildan ortiq vaqt davomida mijozlarimizga orzuyidagi uyni topishda yordam berib kelmoqdamiz. Bizning vazifamiz — uy sotib olish va sotish jarayonini maksimal darajada oson, shaffof va xavfsiz qilishdir.",
    "stats": {
      "years": "Yillik tajriba",
      "clients": "Mamnun mijozlar",
      "objects": "Sotilgan mulklar",
      "agents": "Professional agentlar"
    },
    "values": {
      "title": "Nega aynan biz?",
      "v1_title": "Ishonchlilik",
      "v1_desc": "Har bir obyekt yuridik tomondan to'liq tekshirilgan va kafolatlangan.",
      "v2_title": "Tezkorlik",
      "v2_desc": "Siz uchun eng mos variantlarni qisqa vaqt ichida topamiz va rasmiylashtiramiz.",
      "v3_title": "Professionalizm",
      "v3_desc": "Tajribali rieltorlarimiz har doim xizmatingizda va bepul maslahat berishga tayyor.",
      "protect": "Yuridik himoya",
      "sertfc": "Sifat kafolati"
    }
  },
  "contact_page": {
    "title": "Aloqa",
    "subtitle": "Savollaringiz bormi? Bizga yozing yoki qo'ng'iroq qiling.",
    "info_title": "Bog'lanish ma'lumotlari",
    "address_label": "Manzil",
    "address_value": "Toshkent, Yunusobod tuman, 6‑kvartil, 45",
    "phone_label": "Telefon",
    "email_label": "Email",
    "working_hours_label": "Ish vaqti",
    "working_hours_value": "Dushanba - Shanba: 09:00 - 18:00"
  }
}